C001,Andrew Robertson,X919
C002,Ann Jones,X064
C003,Blair Foster,X682
C004,Bob Dawson,X780
C005,Chris Smith,X782
C006,Dave Jackson,X316
C007,David Hunter,X278
C007,Donald Murray,X720
C008,Fiona Thoms,X475
C009,Gillian Hamilton,X386
C010,Harry Johnston,X857
C011,Helen Webster,X309
C012,Jack Houston,X733
C013,Jo Hill,X285
C014,Joe Woods,X213
C015,John Brown,X009
C016,Judy Hilman,X904
C017,Keith Burns,X552
C018,Lily Watson,X121
C019,Lucy Grey,X025
C020,Mary Brown,X198
C021,Pamela Field,X521
C022,Peter White,X036
C023,Robert Murray,X606
C024,Susan Turner,X214
C025,Thomas Young,X507
C026,Tim Smith,X020
C027,Tony Lawson,X086
C028,Ursula Milton,X746
C029,Viola Nicholson,X540
